"ESAOPP/",
"(no jobs)",
"ESAOPP/Jobs/",
"(no jobs)",
"ESAOPP/Jobs/COGNOS_PROMPT/",
"EIW_00_Seq","02:30 - Mon/Tue/Wed/Thu/Fri"
"EIW_01_Copy_Lookups_SQL",
"EIW_02_Execute_Queries",
"EIW_03_Count_Records_Updated",
"EIW_04_Execute_Updated_Queries",
"EIW_05_EOJ_Updated",
"EIW_06_Update_Lookups_SQL",
"EIW_07_LOOKUPS_TO_PDA_LOOKUPS",
"ESAOPP/Jobs/CRM_INSTANCE_CODE_fix/",
"CRM_INSTANCE_CODE_Fix_SEQ",
"CRM_OPP_CUSTOMER_Delete_Rows",
"CRM_OPP_CUSTOMER_Update_crm_instance_code",
"Cube_crm_customer_3_GEO_SEQ",
"SC_COMPONENT_SK_PAR_Fix_crm_instance_code",
"SC_OPP_CMPNT_SK_CRM_INSTANCE_CODE_FIX_SEQ",
"SC_OPPORTUNITY_SK_PAR_Fix_crm_instance_code",
"SC_OPPORTUNITY_SK_PAR_Fix_crm_instance_code_II",
"ESAOPP/Jobs/CUBE_CRM_CUSTOMER/",
"BLANKREF_PAR",
"CRM_OPP_CUSTOMER_PAR",
"CRM_OPP_CUSTOMER_PAR.30",
"CRM_OPP_CUSTOMER_PAR.AM",
"CRM_OPP_CUSTOMER_PAR.AP",
"CRM_OPP_CUSTOMER_PARsc",
"CUBE_CRM_CUSTOMER_SEQ",
"CUBE_CRM_CUSTOMER_SEQ.30",
"CUBE_CRM_CUSTOMER_SEQ.AM",
"CUBE_CRM_CUSTOMER_SEQ.AP",
"CUST_ASSET_SEQ",
"CUSTOMER_PAR_I",
"CUSTOMER_PAR_I.AP",
"CUSTOMER_PAR_II",
"CUSTOMER_PAR_II.30",
"CUSTOMER_PAR_II.AM",
"CUSTOMER_SEQ",
"CUSTOMER_SEQ.30",
"CUSTOMER_SEQ.AM",
"CUSTOMER_SEQ.AP",
"DIM_CUBE_CRM_CUST_ACCT","New job!"
"DIM_CUBE_CRM_CUST_DM",
"DIM_CUBE_CRM_CUST_DM_SEQ",
"DIM_CUBE_CRM_CUST_INIT",
"DIM_CUBE_CRM_CUST_LOAD",
"DIM_CUBE_CRM_CUST_MATCH",
"DIM_CUBE_CRM_CUST_TRFSHARE",
"DIM_CUBE_CRM_CUST_UNMATCH",
"SC_BLANREF_PAR",
"SQ_DIM_CUBE_CRM_CUST",
"ESAOPP/Jobs/DAP/",
"AGGREGATE_STAR_FVPPLN_XFORM_PAR",
"AGGREGATE_STAR_FVPPLN_XFORM_PAR.30",
"AGGREGATE_STAR_FVPPLN_XFORM_PAR.AM",
"AGGREGATE_STAR_FVPPLN_XFORM_PAR.AP",
"AGGREGATE_STAR_FVPPLN_XFORM_PAR_For_QTR_END","New job!"
"AGGREGATE_STAR_FVPPLN_XFORM_PAR_For_QTR_END.30","New job!"
"AGGREGATE_STAR_FVPPLN_XFORM_PAR_For_QTR_END.AM","New job!"
"AGGREGATE_STAR_FVPPLN_XFORM_PAR_For_QTR_END.AP","New job!"
"AGGREGATE_STAR_FVPPLN_XFORM_SEQ",
"AGGREGATE_STAR_FVPPLN_XFORM_SEQ.30",
"AGGREGATE_STAR_FVPPLN_XFORM_SEQ.AM",
"AGGREGATE_STAR_FVPPLN_XFORM_SEQ.AP",
"CV_OPP_DETAIL_DAILY_MEAS_REVENUE_PAR",
"CV_OPP_DETAIL_DAILY_MEAS_REVENUE_PAR.30",
"CV_OPP_DETAIL_DAILY_MEAS_REVENUE_PAR.AM",
"CV_OPP_DETAIL_DAILY_MEAS_REVENUE_PAR.AP",
"CV_OPP_DETAIL_DAILY_MEAS_REVENUE_SEQ",
"CV_OPP_DETAIL_DAILY_MEAS_REVENUE_SEQ.30",
"CV_OPP_DETAIL_DAILY_MEAS_REVENUE_SEQ.AM",
"CV_OPP_DETAIL_DAILY_MEAS_REVENUE_SEQ.AP",
"DAP_DAILY_SEQ",
"DAP_DAILY_SEQ.30",
"DAP_DAILY_SEQ.AM",
"DAP_DAILY_SEQ.AP",
"DAP_DAILY_SEQ_For_QTR_END","New job!"
"DAP_DAILY_SEQ_For_QTR_END.30","New job!"
"DAP_DAILY_SEQ_For_QTR_END.AP","New job!"
"DAP_WEEKLY_SEQ",
"DAP_WEEKLY_SEQ.30",
"DAP_WEEKLY_SEQ.AM",
"DAP_WEEKLY_SEQ.AP",
"FV_OPP_DETAIL_DAILY_MEAS_REVENUE_PAR",
"FV_OPP_DETAIL_DAILY_MEAS_REVENUE_PAR.30",
"FV_OPP_DETAIL_DAILY_MEAS_REVENUE_PAR.AM",
"FV_OPP_DETAIL_DAILY_MEAS_REVENUE_PAR.AP",
"FV_OPP_DETAIL_DAILY_MEAS_REVENUE_SEQ",
"FV_OPP_DETAIL_DAILY_MEAS_REVENUE_SEQ.30",
"FV_OPP_DETAIL_DAILY_MEAS_REVENUE_SEQ.AM",
"FV_OPP_DETAIL_DAILY_MEAS_REVENUE_SEQ.AP",
"FV_OPP_DETAIL_MEAS_REV_XFORM_PAR",
"FV_OPP_DETAIL_MEAS_REV_XFORM_PAR.30",
"FV_OPP_DETAIL_MEAS_REV_XFORM_PAR.AM",
"FV_OPP_DETAIL_MEAS_REV_XFORM_PAR.AP",
"FV_OPP_DETAIL_MEAS_REV_XFORM_SEQ",
"FV_OPP_DETAIL_MEAS_REV_XFORM_SEQ.30",
"FV_OPP_DETAIL_MEAS_REV_XFORM_SEQ.AM",
"FV_OPP_DETAIL_MEAS_REV_XFORM_SEQ.AP",
"FV_OPP_DETAIL_MEAS_REV_XFORM_STAR_FACTOR_PAR",
"FV_OPP_DETAIL_MEAS_REV_XFORM_STAR_FACTOR_PAR.30",
"FV_OPP_DETAIL_MEAS_REV_XFORM_STAR_FACTOR_PAR.AM",
"FV_OPP_DETAIL_MEAS_REV_XFORM_STAR_FACTOR_PAR.AP",
"FV_OPP_DETAIL_MEAS_REV_XFORM_STAR_FACTOR_SEQ",
"FV_OPP_DETAIL_MEAS_REV_XFORM_STAR_FACTOR_SEQ.30",
"FV_OPP_DETAIL_MEAS_REV_XFORM_STAR_FACTOR_SEQ.AM",
"FV_OPP_DETAIL_MEAS_REV_XFORM_STAR_FACTOR_SEQ.AP",
"OPP_FV_YIELD_FACTORS_UPDT_LOB_PAR",
"OPP_FV_YIELD_FACTORS_UPDT_LOB_PAR.30",
"OPP_FV_YIELD_FACTORS_UPDT_LOB_PAR.AM",
"OPP_FV_YIELD_FACTORS_UPDT_LOB_PAR.AP",
"OPP_FV_YIELD_FACTORS_UPDT_LOB_SEQ",
"OPP_FV_YIELD_FACTORS_UPDT_LOB_SEQ.30",
"OPP_FV_YIELD_FACTORS_UPDT_LOB_SEQ.AM",
"OPP_FV_YIELD_FACTORS_UPDT_LOB_SEQ.AP",
"OPP_RPT_BRAND_CLIP_LEVEL_XFORM_PAR",
"OPP_RPT_BRAND_CLIP_LEVEL_XFORM_PAR.30",
"OPP_RPT_BRAND_CLIP_LEVEL_XFORM_PAR.AM",
"OPP_RPT_BRAND_CLIP_LEVEL_XFORM_PAR.AP",
"OPP_RPT_BRAND_CLIP_LEVEL_XFORM_SEQ",
"OPP_RPT_BRAND_CLIP_LEVEL_XFORM_SEQ.30",
"OPP_RPT_BRAND_CLIP_LEVEL_XFORM_SEQ.AM",
"OPP_RPT_BRAND_CLIP_LEVEL_XFORM_SEQ.AP",
"ESAOPP/Jobs/DAP/DAPDM/",
"DAPDM_EXPORT_SEQ",
"DAPDM_EXPORT_SEQ.30",
"DAPDM_EXPORT_SEQ.AM",
"DAPDM_EXPORT_SEQ.AP",
"EXPORT_CV_OPP_DETAIL_DAILY_MEAS_REVENUE_PAR",
"EXPORT_CV_OPP_DETAIL_DAILY_MEAS_REVENUE_PAR.30",
"EXPORT_CV_OPP_DETAIL_DAILY_MEAS_REVENUE_PAR.AM",
"EXPORT_CV_OPP_DETAIL_DAILY_MEAS_REVENUE_PAR.AP",
"EXPORT_CV_OPP_DETAIL_DAILY_MEAS_REVENUE_SEQ",
"EXPORT_CV_OPP_DETAIL_DAILY_MEAS_REVENUE_SEQ.30",
"EXPORT_CV_OPP_DETAIL_DAILY_MEAS_REVENUE_SEQ.AM",
"EXPORT_CV_OPP_DETAIL_DAILY_MEAS_REVENUE_SEQ.AP",
"EXPORT_FV_OPP_DETAIL_DAILY_MEAS_REVENUE_PAR",
"EXPORT_FV_OPP_DETAIL_DAILY_MEAS_REVENUE_PAR.30",
"EXPORT_FV_OPP_DETAIL_DAILY_MEAS_REVENUE_PAR.AM",
"EXPORT_FV_OPP_DETAIL_DAILY_MEAS_REVENUE_PAR.AP",
"EXPORT_FV_OPP_DETAIL_DAILY_MEAS_REVENUE_SEQ",
"EXPORT_FV_OPP_DETAIL_DAILY_MEAS_REVENUE_SEQ.30",
"EXPORT_FV_OPP_DETAIL_DAILY_MEAS_REVENUE_SEQ.AM",
"EXPORT_FV_OPP_DETAIL_DAILY_MEAS_REVENUE_SEQ.AP",
"EXPORT_OPP_FV_YIELD_FACTORS_PAR",
"EXPORT_OPP_FV_YIELD_FACTORS_SEQ",
"EXPORT_OPP_FV_YIELD_FACTORS_SEQ.30",
"EXPORT_OPP_FV_YIELD_FACTORS_SEQ.AM",
"EXPORT_OPP_FV_YIELD_FACTORS_SEQ.AP",
"ESAOPP/Jobs/EDGEDM/",
"TWOWEEK_CUSTOMER_DM_PAR",
"TWOWEEK_CUSTOMER_DM_PAR.30",
"TWOWEEK_CUSTOMER_DM_PAR.AM",
"TWOWEEK_CUSTOMER_DM_PAR.AP",
"TWOWEEK_CUSTOMER_DM_SEQ",
"TWOWEEK_CUSTOMER_DM_SEQ.30",
"TWOWEEK_CUSTOMER_DM_SEQ.AM",
"TWOWEEK_CUSTOMER_DM_SEQ.AP",
"ESAOPP/Jobs/EDGEDM/EDGEDM_30/",
"COMPETITOR_load_30",
"CUSTOMER_load_30",
"Export_CRM_USER_seq_30",
"INFLUENCER_load_30",
"OPP_CAMPAIGN_load_30",
"OPP_CATEGORY_load_30",
"OPP_DETAIL_FACTS_load_30",
"OPP_LOB_load_30",
"OPP_RELATED_OPP_load_30",
"OPP_SC_PROGRESS_load_30",
"OPP_SC_PROGRESS_load_30.DM_Scl_Progress_Load_30",
"OPP_SSTG_load_30",
"OPPORTUNITY_load_30",
"ROLE_load_30",
"sqrDM_Competitor_30",
"sqrDM_Customer_30",
"sqrDM_EDGEDM_LOAD_30",
"sqrDM_Influencer_30",
"sqrDM_Opp_Campaign_30",
"sqrDM_Opp_Category_30",
"sqrDM_Opp_Detail_Facts_30",
"sqrDM_Opp_Lob_30",
"sqrDM_Opp_Related_Opp_30",
"sqrDM_Opp_Sc_Progress_30",
"sqrDM_Opp_SSTG_30",
"sqrDM_Opp_Text_30",
"sqrDM_Opportunity_30",
"sqrDM_Role_30",
"ESAOPP/Jobs/EDGEDM/EDGEDM_AM/",
"COMPETITOR_load_AM",
"CUSTOMER_load_AM",
"Export_CRM_USER_seq_AM",
"INFLUENCER_load_AM",
"OPP_CAMPAIGN_load_AM",
"OPP_CATEGORY_load_AM",
"OPP_DETAIL_FACTS_load_AM",
"OPP_LOB_load_AM",
"OPP_RELATED_OPP_load_AM",
"OPP_SC_PROGRESS_load_AM",
"OPP_SSTG_load_AM",
"OPPORTUNITY_load_AM",
"ROLE_load_AM",
"sqrDM_Competitor_AM",
"sqrDM_Customer_AM",
"sqrDM_EDGEDM_LOAD_AM",
"sqrDM_Influencer_AM",
"sqrDM_Opp_Campaign_AM",
"sqrDM_Opp_Category_AM",
"sqrDM_Opp_Detail_Facts_AM",
"sqrDM_Opp_Lob_AM",
"sqrDM_Opp_Related_Opp_AM",
"sqrDM_Opp_Sc_Progress_AM",
"sqrDM_Opp_SSTG_AM",
"sqrDM_Opp_Text_AM",
"sqrDM_Opportunity_AM",
"sqrDM_Role_AM",
"ESAOPP/Jobs/EDGEDM/EDGEDM_AP/",
"COMPETITOR_load_AP",
"CUSTOMER_load_AP",
"Export_CRM_USER_seq_AP",
"INFLUENCER_load_AP",
"OPP_CAMPAIGN_load_AP",
"OPP_CATEGORY_load_AP",
"OPP_DETAIL_FACTS_load_AP",
"OPP_LOB_load_AP",
"OPP_RELATED_OPP_load_AP",
"OPP_SC_PROGRESS_load_AP",
"OPP_SSTG_load_AP",
"OPPORTUNITY_load_AP",
"ROLE_load_AP",
"sqrDM_Competitor_AP",
"sqrDM_Customer_AP",
"sqrDM_EDGEDM_LOAD_AP",
"sqrDM_Influencer_AP",
"sqrDM_Opp_Campaign_AP",
"sqrDM_Opp_Category_AP",
"sqrDM_Opp_Detail_Facts_AP",
"sqrDM_Opp_Lob_AP",
"sqrDM_Opp_Related_Opp_AP",
"sqrDM_Opp_Sc_Progress_AP",
"sqrDM_Opp_Sc_Progress_AP",
"sqrDM_Opp_Text_AP",
"sqrDM_Opportunity_AP",
"sqrDM_Role_AP",
"ESAOPP/Jobs/EPM Interface/",
"SqrEPM_CALL",
"SqrEPM_GEO",
"SqrEPM_GEO.Post-Conform_EPM_End",
"SqrEPM_GEO.Post-Conform_EPM_Start",
"SqrEPM_GEO.SC_EPM_End",
"SqrEPMDWC",
"ESAOPP/Jobs/FCST/",
"FCST_FP_ACTUALS_DEL_PAR",
"FCST_FP_ACTUALS_EXT_I_PAR",
"FCST_FP_ACTUALS_EXT_II_PAR",
"FCST_FP_ACTUALS_LOAD_PAR",
"FCST_FP_ACTUALS_SEQ","02:30 - Mon/Tue/Wed/Thu/Fri"
"FCST_FP_BUDGET_DEL_PAR",
"FCST_FP_BUDGET_EXT_I_PAR",
"FCST_FP_BUDGET_EXT_II_PAR",
"FCST_FP_BUDGET_LOAD_PAR",
"FCST_FP_BUDGET_SEQ","02:30 - Mon/Tue/Wed/Thu/Fri"
"FCST_FP_BUDGET_SEQ_nocheck",
"ESAOPP/Jobs/Full Refresh/",
"execute_Opp_Calc_AM",
"execute_Opp_Calc_AP",
"execute_Opp_Calc_EU",
"MASTER_AM_SEQ","20:00 - Mon/Tue/Thu/Fri"
"MASTER_AM_SEQwed_only","18:00 - Wed"
"MASTER_AP_SEQ","06:30 - Mon/Tue/Thu/Fri"
"MASTER_AP_SEQwed_only","05:30 - Wed"
"MASTER_EU_SEQ","13:30 - Mon/Tue/Thu/Fri"
"MASTER_EU_SEQwed_only","12:30 - Wed"
"ESAOPP/Jobs/Full Refresh/Conform/",
"(no jobs)",
"ESAOPP/Jobs/Full Refresh/Conform/CONFORM/",
"OPP_REV_FACT_FR_I_PAR",
"OPP_REV_FACT_FR_I_PAR.30",
"OPP_REV_FACT_FR_I_PAR.AM",
"OPP_REV_FACT_FR_I_PAR.AP",
"OPP_REV_FACT_FR_II_PAR",
"OPP_REV_FACT_FR_II_PAR.30",
"OPP_REV_FACT_FR_II_PAR.AM",
"OPP_REV_FACT_FR_II_PAR.AP",
"OPP_REV_FACT_FR_SEQ",
"OPP_REV_FACT_FR_SEQ.Siebel_OPP_REV_FACT_SEQ",
"ESAOPP/Jobs/Full Refresh/FEMS/",
"FEMS_EXTRACT",
"FEMS_EXTRACT_SEQ",
"ESAOPP/Jobs/Full Refresh/ItalyMandate/",
"ITALY_CRM_CUSTOMER_PAR",
"ITALY_CRM_CUSTOMER_SEQ",
"ITALY_MANDATE_SEQ",
"ITALY_SAP_CUSTOMER_PAR",
"ITALY_SAP_CUSTOMER_SEQ",
"ESAOPP/Jobs/Full Refresh/Staging/",
"(no jobs)",
"ESAOPP/Jobs/Full Refresh/Staging/XFORM/",
"HR_EMPLOYEE_SK_PAR",
"HR_EMPLOYEE_SK_SEQ",
"ESAOPP/Jobs/GMU Expansion/",
"DIM_GEO_LOCATION_DM",
"DIM_GEO_LOCATION_INIT_PAR",
"DIM_GEO_LOCATION_INIT_SEQ",
"DIM_GEO_LOCATION_PAR",
"DIM_GEO_LOCATION_SEQ","02:30 - Mon/Tue/Wed/Thu/Fri"
"ESAOPP/Jobs/Growth Initiatives/",
"(no jobs)",
"ESAOPP/Jobs/Growth Initiatives/Dimension/",
"Dim_Initiative_Delta",
"Dim_Initiative_Delta_Sqr","02:30 - Mon/Tue/Wed/Thu/Fri"
"Dim_Initiative_DM",
"Dim_Initiative_Unas",
"ESAOPP/Jobs/Growth Initiatives/Fact/",
"OPP_DTL_INIT_FACT_PAR_I",
"OPP_DTL_INIT_FACT_PAR_I.30",
"OPP_DTL_INIT_FACT_PAR_I.AM",
"OPP_DTL_INIT_FACT_PAR_I.AP",
"OPP_DTL_INIT_FACT_SEQ",
"OPP_DTL_INIT_FACT_SEQ.30",
"OPP_DTL_INIT_FACT_SEQ.AM",
"OPP_DTL_INIT_FACT_SEQ.AP",
"ESAOPP/Jobs/Growth Initiatives/History/",
"OPP_DTL_INIT_HIST_FACT_PAR_I",
"OPP_DTL_INIT_HIST_FACT_PAR_I.30",
"OPP_DTL_INIT_HIST_FACT_PAR_I.AM",
"OPP_DTL_INIT_HIST_FACT_PAR_I.AP",
"OPP_DTL_INIT_HIST_FACT_PAR_II",
"OPP_DTL_INIT_HIST_FACT_PAR_II.30",
"OPP_DTL_INIT_HIST_FACT_PAR_II.AM",
"OPP_DTL_INIT_HIST_FACT_PAR_II.AP",
"OPP_DTL_INIT_HIST_FACT_SEQ",
"OPP_DTL_INIT_HIST_FACT_SEQ.30",
"OPP_DTL_INIT_HIST_FACT_SEQ.AM",
"OPP_DTL_INIT_HIST_FACT_SEQ.AP",
"ESAOPP/Jobs/Growth Initiatives/THIRTEEN_WK_DTL_INITV/",
"THIRTEEN_WK_DTL_INITV_DM_PAR",
"THIRTEEN_WK_DTL_INITV_DM_PAR.30",
"THIRTEEN_WK_DTL_INITV_DM_PAR.AM",
"THIRTEEN_WK_DTL_INITV_DM_PAR.AP",
"THIRTEEN_WK_DTL_INITV_DM_SEQ",
"THIRTEEN_WK_DTL_INITV_DM_SEQ.30",
"THIRTEEN_WK_DTL_INITV_DM_SEQ.AM",
"THIRTEEN_WK_DTL_INITV_DM_SEQ.AP",
"ESAOPP/Jobs/LDPE/",
"PPLN_ACCEL_EXTRACT_PAR",
"PPLN_ACCEL_EXTRACT_SEQ",
"PPLN_ACCEL_FACT_PAR_I",
"PPLN_ACCEL_FACT_PAR_II",
"PPLN_ACCEL_FACT_PAR_SEQ",
"ESAOPP/Jobs/OPP_DIMENSIONS/",
"(no jobs)",
"ESAOPP/Jobs/OPP_DIMENSIONS/AGGR_DIMENSION/",
"AGGR_DIMENSION","02:30 - Mon/Tue/Wed/Thu/Fri"
"ESAOPP/Jobs/OPP_DIMENSIONS/AGGR_DIMENSION/GEO Branch/",
"DIM_GEO_BRANCH_DM",
"DIM_GEO_BRANCH_INIT_PAR",
"DIM_GEO_BRANCH_INIT_SEQ",
"DIM_GEO_BRANCH_PAR",
"DIM_GEO_BRANCH_SEQ",
"ESAOPP/Jobs/OPP_DIMENSIONS/AGGR_DIMENSION/IMT GMT/",
"Dim_IMT_GMT_Delta",
"Dim_IMT_GMT_Delta_I",
"Dim_IMT_GMT_DM",
"Dim_IMT_GMT_Unas",
"ESAOPP/Jobs/OPP_DIMENSIONS/AGGR_DIMENSION/Rpt Brand/",
"Dim_RptBrand_Delta",
"Dim_RptBrand_Delta_I",
"Dim_RptBrand_DM",
"Dim_RptBrand_Unas",
"ESAOPP/Jobs/OPP_DIMENSIONS/AGGR_DIMENSION/SSM Step/",
"Dim_SSMStep_Delta",
"Dim_SSMStep_Delta_I",
"Dim_SSMStep_DM",
"Dim_SSMStep_Unas",
"ESAOPP/Jobs/OPP_DIMENSIONS/AGGR_TIME_DIMENSION/",
"AGGR_TIME_DIMENSION_SQR",
"CUBE_TIME_DIMENSION_SQR",
"ESAOPP/Jobs/OPP_DIMENSIONS/AGGR_TIME_DIMENSION/Day/",
"DIM_DAY",
"DIM_DAY_DM",
"DIM_DAY_SEQ",
"ESAOPP/Jobs/OPP_DIMENSIONS/AGGR_TIME_DIMENSION/DIM_CUBE_DAY/",
"DIM_CUBE_DAY",
"DIM_CUBE_DAY_DEL",
"ESAOPP/Jobs/OPP_DIMENSIONS/AGGR_TIME_DIMENSION/DIM_CUBE_MONTH_YEAR/",
"DIM_CUBE_MONTH_YEAR",
"DIM_CUBE_MONTH_YEAR_DEL",
"ESAOPP/Jobs/OPP_DIMENSIONS/AGGR_TIME_DIMENSION/DIM_CUBE_QTR_YEAR/",
"DIM_CUBE_QTR_YEAR",
"DIM_CUBE_QTR_YEAR_DEL",
"ESAOPP/Jobs/OPP_DIMENSIONS/AGGR_TIME_DIMENSION/DIM_CUBE_WK_QTR_YEAR/",
"DIM_CUBE_WK_QTR_YEAR",
"DIM_CUBE_WK_QTR_YEAR_DEL",
"ESAOPP/Jobs/OPP_DIMENSIONS/AGGR_TIME_DIMENSION/Month Year/",
"DIM_MONTH_YEAR",
"DIM_MONTH_YEAR_DM",
"DIM_MONTH_YEAR_SEQ",
"ESAOPP/Jobs/OPP_DIMENSIONS/AGGR_TIME_DIMENSION/Qtr Year/",
"Dim_QtrYear_Daily",
"Dim_QtrYear_Daily_I",
"Dim_QtrYear_DM",
"Dim_QtrYear_Full",
"Dim_QtrYear_Full_I",
"Dim_QtrYear_Full_II",
"Dim_QtrYear_Unas",
"ESAOPP/Jobs/OPP_DIMENSIONS/AGGR_TIME_DIMENSION/Wk Qtr Year/",
"Dim_WkQtrYear_DM",
"Dim_WkQtrYear_Fitteen_Week",
"Dim_WkQtrYear_Fitteen_Week_I",
"Dim_WkQtrYear_Full",
"Dim_WkQtrYear_Full_I",
"Dim_WkQtrYear_Full_II",
"Dim_WkQtrYear_Mth_UNK",
"Dim_WkQtrYear_Mth_UNK_Seq",
"Dim_WkQtrYear_Qtr_UNK",
"Dim_WkQtrYear_Qtr_UNK_Seq",
"Dim_WkQtrYear_Unas",
"Dim_WkQtrYear_UNK_Seq",
"ESAOPP/Jobs/OPP_DIMENSIONS/DIMENSIONS/",
"DIM_METRIC_DEL",
"DIM_METRIC_INITIAL_PAR",
"DIM_METRIC_PAR",
"DIM_METRIC_SEQ",
"DIM_SEGMENT_DEL",
"DIM_SEGMENT_initial",
"DIM_SEGMENT_INSERT",
"DIM_SEGMENT_SEQ",
"DIM_SEGMENT_UPDATE",
"GEOGRAPHY",
"GEOGRAPHY_DEL",
"GEOGRAPHY_SEQ",
"NONCUSTOMER_SEQ","02:30 - Mon/Tue/Thu/Fri"
"NONCUSTOMER_SEQ1",
"NONCUSTOMER_SEQ2",
"NONCUSTOMER_SEQ3",
"NONCUSTOMER_SEQ4",
"OPP_IDENTIFIER",
"OPP_IDENTIFIER_DEL",
"OPP_IDENTIFIER_INIT_PAR",
"OPP_IDENTIFIER_N",
"OPP_IDENTIFIER_SEQ",
"OWNING_ORG",
"OWNING_ORG_DEL",
"OWNING_ORG_INIT_PAR",
"OWNING_ORG_SEQ",
"REFTPCAT_TO_PRODUCT_CATEGORY_SK_PAR",
"REFTPCAT_TO_PRODUCT_CATEGORY_SK_SEQ",
"SALE_STAGE",
"SALE_STAGE_DEL",
"SALE_STAGE_SEQ",
"ESAOPP/Jobs/OPP_DIMENSIONS/DIMENSIONS/AGERANGE_CUTOFF_REFERENCE/",
"AGERANGE_CUTOFF_REFERENCE_DEL",
"AGERANGE_CUTOFF_REFERENCE_PAR",
"AGERANGE_CUTOFF_REFERENCE_SEQ",
"ESAOPP/Jobs/OPP_DIMENSIONS/DIMENSIONS/ASSET_BRAND_SSTG/",
"ASSET_BRAND_SSTG_DEL",
"ASSET_BRAND_SSTG_PAR",
"ASSET_BRAND_SSTG_SEQ",
"ESAOPP/Jobs/OPP_DIMENSIONS/DIMENSIONS/BRAND/",
"BRAND",
"BRAND_ASIS_UPDATE_PAR",
"BRAND_COLUMN_UPDATE_SEQ",
"BRAND_DEL",
"BRAND_II","New job!"
"BRAND_INIT_PAR",
"BRAND_LENOVO_UPDATE",
"BRAND_N",
"BRAND_SEQ",
"ESAOPP/Jobs/OPP_DIMENSIONS/DIMENSIONS/DIM_AGERANGE/",
"DIM_AGERANGE_DEL",
"DIM_AGERANGE_INIT_PAR",
"DIM_AGERANGE_PAR",
"DIM_AGERANGE_SEQ",
"ESAOPP/Jobs/OPP_DIMENSIONS/DIMENSIONS/DIM_ALLIANCE_PARTNER/",
"DIM_ALLIANCE_PARTNER_DEL",
"DIM_ALLIANCE_PARTNER_INIT_PAR",
"DIM_ALLIANCE_PARTNER_PAR",
"DIM_ALLIANCE_PARTNER_SEQ",
"ESAOPP/Jobs/OPP_DIMENSIONS/DIMENSIONS/DIM_ALYT_MODEL/",
"DIM_ALYT_MODEL_DEL_PAR",
"DIM_ALYT_MODEL_PAR",
"DIM_ALYT_MODEL_SEQ",
"ESAOPP/Jobs/OPP_DIMENSIONS/DIMENSIONS/DIM_ASSET/",
"DIM_ASSET_DEL",
"DIM_ASSET_INIT_PAR",
"DIM_ASSET_PAR",
"DIM_ASSET_SEQ",
"ESAOPP/Jobs/OPP_DIMENSIONS/DIMENSIONS/DIM_BRANCH_UNIT/",
"DIM_BRANCH_UNIT_DEL",
"DIM_BRANCH_UNIT_INIT_PAR",
"DIM_BRANCH_UNIT_PAR",
"DIM_BRANCH_UNIT_SEQ",
"ESAOPP/Jobs/OPP_DIMENSIONS/DIMENSIONS/DIM_CONTRACT/",
"DIM_CONTRACT_DEL",
"DIM_CONTRACT_INIT_PAR",
"DIM_CONTRACT_PAR",
"DIM_CONTRACT_SEQ",
"ESAOPP/Jobs/OPP_DIMENSIONS/DIMENSIONS/DIM_CRM_CHANNEL/",
"DIM_CRM_CHANNEL_DEL",
"DIM_CRM_CHANNEL_INIT_PAR",
"DIM_CRM_CHANNEL_PAR",
"DIM_CRM_CHANNEL_SEQ",
"ESAOPP/Jobs/OPP_DIMENSIONS/DIMENSIONS/DIM_DAY_SIZE/",
"DIM_DAY_SIZE_DEL",
"DIM_DAY_SIZE_INIT_PAR",
"DIM_DAY_SIZE_PAR",
"DIM_DAY_SIZE_SEQ",
"ESAOPP/Jobs/OPP_DIMENSIONS/DIMENSIONS/DIM_DIGSALES_SOLUTION/","New folder!"
"DIM_DIGSALES_SOLUTION_DEL","New job!"
"DIM_DIGSALES_SOLUTION_INIT_PAR","New job!"
"DIM_DIGSALES_SOLUTION_PAR","New job!"
"DIM_DIGSALES_SOLUTION_SEQ","New job!"
"ESAOPP/Jobs/OPP_DIMENSIONS/DIMENSIONS/DIM_EMP_FCST_ROLE/",
"DIM_EMP_FCST_ROLE_DEL",
"DIM_EMP_FCST_ROLE_INIT_PAR",
"DIM_EMP_FCST_ROLE_PAR",
"DIM_EMP_FCST_ROLE_SEQ",
"ESAOPP/Jobs/OPP_DIMENSIONS/DIMENSIONS/DIM_FIRM_STATUS/",
"DIM_FIRM_STATUS_DEL",
"DIM_FIRM_STATUS_INIT_PAR",
"DIM_FIRM_STATUS_PAR",
"DIM_FIRM_STATUS_SEQ",
"ESAOPP/Jobs/OPP_DIMENSIONS/DIMENSIONS/DIM_GBS_BU/",
"DIM_GBS_BU_DEL",
"DIM_GBS_BU_INIT_PAR",
"DIM_GBS_BU_PAR",
"DIM_GBS_BU_SEQ",
"ESAOPP/Jobs/OPP_DIMENSIONS/DIMENSIONS/DIM_IGF_SALES_STAGE/","New folder!"
"DIM_IGF_SALES_STAGE_DEL","New job!"
"DIM_IGF_SALES_STAGE_INIT_PAR","New job!"
"DIM_IGF_SALES_STAGE_PAR","New job!"
"DIM_IGF_SALES_STAGE_SEQ","New job!"
"ESAOPP/Jobs/OPP_DIMENSIONS/DIMENSIONS/DIM_IIS_CC_TOR/",
"DIM_IIS_CC_TOR_DEL",
"DIM_IIS_CC_TOR_INIT_PAR",
"DIM_IIS_CC_TOR_PAR",
"DIM_IIS_CC_TOR_SEQ",
"ESAOPP/Jobs/OPP_DIMENSIONS/DIMENSIONS/DIM_INDUSTRY/",
"DIM_INDUSTRY_DEL",
"DIM_INDUSTRY_Init_key",
"DIM_INDUSTRY_PAR",
"DIM_INDUSTRY_SEQ",
"ESAOPP/Jobs/OPP_DIMENSIONS/DIMENSIONS/DIM_IOT_SOLUTION/",
"DIM_IOT_SOLUTION_DEL",
"DIM_IOT_SOLUTION_INIT_PAR",
"DIM_IOT_SOLUTION_PAR",
"DIM_IOT_SOLUTION_SEQ",
"ESAOPP/Jobs/OPP_DIMENSIONS/DIMENSIONS/DIM_IS_TOR/",
"DIM_IS_TOR_DEL",
"DIM_IS_TOR_INIT_PAR",
"DIM_IS_TOR_PAR",
"DIM_IS_TOR_SEQ",
"ESAOPP/Jobs/OPP_DIMENSIONS/DIMENSIONS/DIM_LIKELIHOOD/",
"DIM_LIKELIHOOD_DEL",
"DIM_LIKELIHOOD_INIT_PAR",
"DIM_LIKELIHOOD_PAR",
"DIM_LIKELIHOOD_SEQ",
"ESAOPP/Jobs/OPP_DIMENSIONS/DIMENSIONS/DIM_NA_SERVICES_SECTOR/",
"DIM_NA_SERVICES_SECTOR_DEL",
"DIM_NA_SERVICES_SECTOR_INIT_PAR",
"DIM_NA_SERVICES_SECTOR_PAR",
"DIM_NA_SERVICES_SECTOR_SEQ",
"ESAOPP/Jobs/OPP_DIMENSIONS/DIMENSIONS/DIM_NEXT_REC_TOUCH/",
"DIM_NEXT_REC_TOUCH_DEL1",
"DIM_NEXT_REC_TOUCH_INIT_PAR",
"DIM_NEXT_REC_TOUCH_PAR",
"DIM_NEXT_REC_TOUCH_SEQ",
"ESAOPP/Jobs/OPP_DIMENSIONS/DIMENSIONS/DIM_OFFERING/",
"DIM_OFFERING_DEL",
"DIM_OFFERING_INIT_PAR",
"DIM_OFFERING_PAR",
"DIM_OFFERING_SEQ",
"ESAOPP/Jobs/OPP_DIMENSIONS/DIMENSIONS/DIM_OM_BRAND/",
"DIM_OM_BRAND_DEL",
"DIM_OM_BRAND_INIT_PAR",
"DIM_OM_BRAND_PAR",
"DIM_OM_BRAND_SEQ",
"ESAOPP/Jobs/OPP_DIMENSIONS/DIMENSIONS/DIM_OMBRD_SVCLINE/",
"DIM_OMBRD_SVCLINE_DEL",
"DIM_OMBRD_SVCLINE_initial",
"DIM_OMBRD_SVCLINE_PAR",
"DIM_OMBRD_SVCLINE_SEQ",
"ESAOPP/Jobs/OPP_DIMENSIONS/DIMENSIONS/DIM_P2C_SCORE/",
"DIM_P2C_SCORE_DEL",
"DIM_P2C_SCORE_INIT_PAR",
"DIM_P2C_SCORE_PAR",
"DIM_P2C_SCORE_SEQ",
"ESAOPP/Jobs/OPP_DIMENSIONS/DIMENSIONS/DIM_PIPELINE_VALUE/",
"DIM_PIPELINE_VALUE_DEL",
"DIM_PIPELINE_VALUE_INIT_PAR",
"DIM_PIPELINE_VALUE_PAR",
"DIM_PIPELINE_VALUE_SEQ",
"ESAOPP/Jobs/OPP_DIMENSIONS/DIMENSIONS/DIM_PPLN_ACCEL/",
"DIM_PPLN_ACCEL_DEL",
"DIM_PPLN_ACCEL_INIT_PAR",
"DIM_PPLN_ACCEL_PAR",
"DIM_PPLN_ACCEL_SEQ",
"ESAOPP/Jobs/OPP_DIMENSIONS/DIMENSIONS/DIM_PPLN_FRAUD/",
"DIM_PPLN_FRAUD_DEL",
"DIM_PPLN_FRAUD_INIT_PAR",
"DIM_PPLN_FRAUD_PAR",
"DIM_PPLN_FRAUD_SEQ",
"ESAOPP/Jobs/OPP_DIMENSIONS/DIMENSIONS/DIM_PROD_CATG_GROUP/",
"DIM_PROD_CATG_GROUP_DEL",
"DIM_PROD_CATG_GROUP_PAR",
"DIM_PROD_CATG_GROUP_SEQ",
"ESAOPP/Jobs/OPP_DIMENSIONS/DIMENSIONS/DIM_RANK/",
"DIM_RANK_DEL",
"DIM_RANK_INIT_PAR",
"DIM_RANK_PAR",
"DIM_RANK_SEQ",
"ESAOPP/Jobs/OPP_DIMENSIONS/DIMENSIONS/DIM_RDMP_STATUS/",
"DIM_RDMP_STATUS_DEL",
"DIM_RDMP_STATUS_INIT_PAR",
"DIM_RDMP_STATUS_PAR",
"DIM_RDMP_STATUS_SEQ",
"ESAOPP/Jobs/OPP_DIMENSIONS/DIMENSIONS/DIM_RDMP_VIEW/",
"DIM_RDMP_VIEW_DEL",
"DIM_RDMP_VIEW_INIT_PAR",
"DIM_RDMP_VIEW_PAR1",
"DIM_RDMP_VIEW_SEQ",
"ESAOPP/Jobs/OPP_DIMENSIONS/DIMENSIONS/DIM_REVENUE_TYPE/",
"DIM_REVENUE_TYPE_DEL",
"DIM_REVENUE_TYPE_INIT_PAR",
"DIM_REVENUE_TYPE_PAR",
"DIM_REVENUE_TYPE_SEQ",
"ESAOPP/Jobs/OPP_DIMENSIONS/DIMENSIONS/DIM_ROGUE/",
"DIM_ROGUE_DEL",
"DIM_ROGUE_INIT_PAR",
"DIM_ROGUE_PAR",
"DIM_ROGUE_SEQ",
"ESAOPP/Jobs/OPP_DIMENSIONS/DIMENSIONS/DIM_ROLLUP/",
"DIM_ROLLUP_DEL",
"DIM_ROLLUP_INIT_PAR",
"DIM_ROLLUP_PAR",
"DIM_ROLLUP_SEQ",
"ESAOPP/Jobs/OPP_DIMENSIONS/DIMENSIONS/DIM_RTP_BRAND_SUBGROUP/",
"DIM_RTP_BRAND_SUBGROUP_DEL",
"DIM_RTP_BRAND_SUBGROUP_INITIAL",
"DIM_RTP_BRAND_SUBGROUP_PAR",
"DIM_RTP_BRAND_SUBGROUP_SEQ",
"ESAOPP/Jobs/OPP_DIMENSIONS/DIMENSIONS/DIM_SAQ/",
"DIM_SAQ_DEL",
"DIM_SAQ_INIT_PAR",
"DIM_SAQ_PAR",
"DIM_SAQ_SEQ",
"ESAOPP/Jobs/OPP_DIMENSIONS/DIMENSIONS/DIM_SAQ_QUINTILE/",
"DIM_SAQ_QUINTILE_DEL",
"DIM_SAQ_QUINTILE_INIT_PAR",
"DIM_SAQ_QUINTILE_PAR",
"DIM_SAQ_QUINTILE_SEQ",
"ESAOPP/Jobs/OPP_DIMENSIONS/DIMENSIONS/DIM_SSTG_REASON/",
"DIM_SSTG_REASON_DEL",
"DIM_SSTG_REASON_Init_key",
"DIM_SSTG_REASON_PAR",
"DIM_SSTG_REASON_SEQ",
"ESAOPP/Jobs/OPP_DIMENSIONS/DIMENSIONS/DIM_SW_TOP_ACCT/",
"DIM_SW_TOP_ACCT_DEL",
"DIM_SW_TOP_ACCT_INIT_PAR",
"DIM_SW_TOP_ACCT_PAR",
"DIM_SW_TOP_ACCT_SEQ",
"ESAOPP/Jobs/OPP_DIMENSIONS/DIMENSIONS/DIM_TIME_MNEMONIC/",
"DIM_TIME_MNEMONIC_DEL",
"DIM_TIME_MNEMONIC_INIT_PAR",
"DIM_TIME_MNEMONIC_PAR",
"DIM_TIME_MNEMONIC_SEQ",
"ESAOPP/Jobs/OPP_DIMENSIONS/DIMENSIONS/DIM_TSS_TOR/",
"DIM_TSS_TOR_DEL",
"DIM_TSS_TOR_INIT_PAR",
"DIM_TSS_TOR_PAR",
"DIM_TSS_TOR_SEQ",
"ESAOPP/Jobs/OPP_DIMENSIONS/DIMENSIONS/DIM_TYPE_OF_SALE/",
"DIM_TYPE_OF_SALE_DEL",
"DIM_TYPE_OF_SALE_INIT_PAR",
"DIM_TYPE_OF_SALE_PAR",
"DIM_TYPE_OF_SALE_SEQ",
"ESAOPP/Jobs/OPP_DIMENSIONS/DIMENSIONS/DIM_UTBRAND/","New folder!"
"DIM_UTBRAND","New job!"
"DIM_UTBRAND_ASIS_UPDATE_PAR","New job!"
"DIM_UTBRAND_DEL","New job!"
"DIM_UTBRAND_INIT_PAR","New job!"
"DIM_UTBRAND_SEQ","New job!"
"ESAOPP/Jobs/OPP_DIMENSIONS/DIMENSIONS/DIM_WEEK_MNEMONIC/",
"DIM_WEEK_MNEMONIC_DEL",
"DIM_WEEK_MNEMONIC_INIT_PAR",
"DIM_WEEK_MNEMONIC_PAR",
"DIM_WEEK_MNEMONIC_SEQ",
"ESAOPP/Jobs/OPP_DIMENSIONS/DIMENSIONS/OM_BRAND_SK/",
"OM_BRAND_INIT_PAR",
"OM_BRAND_SK_PAR",
"OM_BRAND_SK_SEQ",
"ESAOPP/Jobs/OPP_DIMENSIONS/DIMENSIONS/SW_BRAND/",
"SW_BRAND",
"SW_BRAND_DEL",
"SW_BRAND_SEQ",
"ESAOPP/Jobs/OPP_DIMENSIONS/EXCHANGE_RATE/",
"EXCHANGE_RATE",
"EXCHANGE_RATE_SEQ",
"ESAOPP/Jobs/OPP_DIMENSIONS/METRICS/",
"COMPONENT_METRIC_FACT_INITV_PAR",
"COMPONENT_METRIC_FACT_INITV_PAR.30",
"COMPONENT_METRIC_FACT_INITV_PAR.AM",
"COMPONENT_METRIC_FACT_INITV_PAR.AP",
"COMPONENT_METRIC_FACT_INITV_SEQ",
"COMPONENT_METRIC_FACT_INITV_SEQ.30",
"COMPONENT_METRIC_FACT_INITV_SEQ.AM",
"COMPONENT_METRIC_FACT_INITV_SEQ.AP",
"COMPONENT_METRIC_FACT_UPDT_PAR",
"COMPONENT_METRIC_FACT_UPDT_PAR.30",
"COMPONENT_METRIC_FACT_UPDT_PAR.AM",
"COMPONENT_METRIC_FACT_UPDT_PAR.AP",
"COMPONENT_METRIC_FACT_UPDT_SEQ",
"COMPONENT_METRIC_FACT_UPDT_SEQ.30",
"COMPONENT_METRIC_FACT_UPDT_SEQ.AM",
"COMPONENT_METRIC_FACT_UPDT_SEQ.AP",
"ESAOPP/Jobs/OPP_DIMENSIONS/TIMEDIMENSION/",
"REF_DAY_TIME_DM",
"REF_FCST_INDC",
"REF_FCST_INDC_DM",
"REF_FCST_INDC_SEQ",
"REF_MONTH_TIME",
"REF_MONTH_TIME_DM",
"REF_MONTH_TIME_SEQ",
"REF_QTR_TIME",
"REF_QTR_TIME_DM",
"REF_QTR_TIME_SEQ",
"TIME_DIMENSION_SEQ","02:30 - Mon/Tue/Wed/Thu/Fri"
"WKLY_QTR_PERIOD_DM",
"WKLY_QTR_PERIOD_SEQ",
"WKLY_REF_FCST_INDC",
"WKLY_REF_FCST_INDC_DM",
"WKLY_REF_FCST_INDC_SEQ",
"ESAOPP/Jobs/OPP_DIMENSIONS/WKLY_DIMENSION/",
"EXPORT_HR_ORGTREMO","02:30 - Wed"
"OMNTEORG_DEL",
"OMNTEORG_EXTRACT_AM",
"OMNTEORG_EXTRACT_AP",
"OMNTEORG_EXTRACT_SEQ_AM","02:30 - Mon/Tue/Wed/Thu/Fri"
"OMNTEORG_EXTRACT_SEQ_AP","02:30 - Mon/Tue/Wed/Thu/Fri"
"ESAOPP/Jobs/OPP_DIMENSIONS/WSDIWREF/",
"WSDIWREF_FULL_REFRESH_DM_SEA","04:30 - Mon/Tue/Wed/Thu/Fri"
"ESAOPP/Jobs/OPP_DTL_EIW_CALC/",
"OPP_DTL_EIW_CALC_DM",
"OPP_DTL_EIW_CALC_DM.30",
"OPP_DTL_EIW_CALC_DM.AM",
"OPP_DTL_EIW_CALC_DM.AP",
"OPP_DTL_EIW_CALC_DM_SEQ",
"OPP_DTL_EIW_CALC_DM_SEQ.30",
"OPP_DTL_EIW_CALC_DM_SEQ.AM",
"OPP_DTL_EIW_CALC_DM_SEQ.AP",
"OPP_DTL_EIW_CALC_INITV_PAR",
"OPP_DTL_EIW_CALC_INITV_PAR.30",
"OPP_DTL_EIW_CALC_INITV_PAR.AM",
"OPP_DTL_EIW_CALC_INITV_PAR.AP",
"OPP_DTL_EIW_CALC_INITV_SEQ",
"OPP_DTL_EIW_CALC_INITV_SEQ.30",
"OPP_DTL_EIW_CALC_INITV_SEQ.AM",
"OPP_DTL_EIW_CALC_INITV_SEQ.AP",
"OPP_DTL_EIW_CALC_SEQ",
"OPP_DTL_EIW_CALC_SEQ.30",
"OPP_DTL_EIW_CALC_SEQ.AM",
"OPP_DTL_EIW_CALC_SEQ.AP",
"OPP_DTL_EIW_CALC_UPDT_AGE_PAR",
"OPP_DTL_EIW_CALC_UPDT_AGE_PAR.30",
"OPP_DTL_EIW_CALC_UPDT_AGE_PAR.AM",
"OPP_DTL_EIW_CALC_UPDT_AGE_PAR.AP",
"OPP_DTL_EIW_CALC_UPDT_PAR",
"OPP_DTL_EIW_CALC_UPDT_PAR.30",
"OPP_DTL_EIW_CALC_UPDT_PAR.AM",
"OPP_DTL_EIW_CALC_UPDT_PAR.AP",
"OPP_DTL_EIW_CALC_UPDT_SAQ_PAR",
"OPP_DTL_EIW_CALC_UPDT_SAQ_PAR.30",
"OPP_DTL_EIW_CALC_UPDT_SAQ_PAR.AM",
"OPP_DTL_EIW_CALC_UPDT_SAQ_PAR.AP",
"OPP_DTL_EIW_CALC_UPDTBSK_PAR",
"OPP_DTL_EIW_CALC_UPDTBSK_PAR.30",
"OPP_DTL_EIW_CALC_UPDTBSK_PAR.AM",
"OPP_DTL_EIW_CALC_UPDTBSK_PAR.AP",
"OPP_DTL_EIW_CALC_UPDTBSKACV_PAR",
"OPP_DTL_EIW_CALC_UPDTBSKACV_PAR.30",
"OPP_DTL_EIW_CALC_UPDTBSKACV_PAR.AM",
"OPP_DTL_EIW_CALC_UPDTBSKACV_PAR.AP",
"ESAOPP/Jobs/OPP_DTL_EIW_CALC/INIT_DEL/","New folder!"
"INIT_OPP_DTL_EIW_CALC_DEL_PAR","New job!"
"INIT_OPP_DTL_EIW_CALC_DEL_SEQ","New job!"
"ESAOPP/Jobs/OPP_FCST_OR_DEC_QTR_PROGRESS/",
"OPP_FCST_OR_DEC_QTR_DEL",
"OPP_FCST_OR_DEC_QTR_DEL.30",
"OPP_FCST_OR_DEC_QTR_DEL.AM",
"OPP_FCST_OR_DEC_QTR_DEL.AP",
"OPP_FCST_OR_DEC_QTR_PAR",
"OPP_FCST_OR_DEC_QTR_PAR.30",
"OPP_FCST_OR_DEC_QTR_PAR.AM",
"OPP_FCST_OR_DEC_QTR_PAR.AP",
"OPP_FCST_OR_DEC_QTR_PROGRESS_ALL_INFOR_EXP_PAR",
"OPP_FCST_OR_DEC_QTR_PROGRESS_ALL_INFOR_EXP_PAR.30",
"OPP_FCST_OR_DEC_QTR_PROGRESS_ALL_INFOR_EXP_PAR.AM",
"OPP_FCST_OR_DEC_QTR_PROGRESS_ALL_INFOR_EXP_PAR.AP",
"OPP_FCST_OR_DEC_QTR_PROGRESS_ELAPSED_DAYS_UPDATE_PAR",
"OPP_FCST_OR_DEC_QTR_PROGRESS_ELAPSED_DAYS_UPDATE_PAR.30",
"OPP_FCST_OR_DEC_QTR_PROGRESS_ELAPSED_DAYS_UPDATE_PAR.AM",
"OPP_FCST_OR_DEC_QTR_PROGRESS_ELAPSED_DAYS_UPDATE_PAR.AP",
"OPP_FCST_OR_DEC_QTR_PROGRESS_ELASPED_DAY_DAILY_UPDT_SEQ",
"OPP_FCST_OR_DEC_QTR_PROGRESS_ELASPED_DAY_DAILY_UPDT_SEQ.30",
"OPP_FCST_OR_DEC_QTR_PROGRESS_ELASPED_DAY_DAILY_UPDT_SEQ.AM",
"OPP_FCST_OR_DEC_QTR_PROGRESS_ELASPED_DAY_DAILY_UPDT_SEQ.AP",
"OPP_FCST_OR_DEC_QTR_PROGRESS_EXPORT_PAR",
"OPP_FCST_OR_DEC_QTR_PROGRESS_EXPORT_PAR.30",
"OPP_FCST_OR_DEC_QTR_PROGRESS_EXPORT_PAR.AM",
"OPP_FCST_OR_DEC_QTR_PROGRESS_EXPORT_PAR.AP",
"OPP_FCST_OR_DEC_QTR_PROGRESS_MERGE_PAR",
"OPP_FCST_OR_DEC_QTR_PROGRESS_MERGE_PAR.30",
"OPP_FCST_OR_DEC_QTR_PROGRESS_MERGE_PAR.AM",
"OPP_FCST_OR_DEC_QTR_PROGRESS_MERGE_PAR.AP",
"OPP_FCST_OR_DEC_QTR_PROGRESS_PAR",
"OPP_FCST_OR_DEC_QTR_PROGRESS_PAR.30",
"OPP_FCST_OR_DEC_QTR_PROGRESS_PAR.AM",
"OPP_FCST_OR_DEC_QTR_PROGRESS_PAR.AP",
"OPP_FCST_OR_DEC_QTR_PROGRESS_SEQ",
"OPP_FCST_OR_DEC_QTR_PROGRESS_SEQ.30",
"OPP_FCST_OR_DEC_QTR_PROGRESS_SEQ.AM",
"OPP_FCST_OR_DEC_QTR_PROGRESS_SEQ.AP",
"OPP_FCST_OR_DEC_QTR_SEQ",
"OPP_FCST_OR_DEC_QTR_SEQ.30",
"OPP_FCST_OR_DEC_QTR_SEQ.AM",
"OPP_FCST_OR_DEC_QTR_SEQ.AP",
"ESAOPP/Jobs/RM_SEMAPHORE/",
"RM_SEMAPHORE","04:00 - Mon/Tue/Wed/Thu/Fri"
"ESAOPP/Jobs/Rogue/",
"ROGUE_WEEKLY_SEQ",
"ROGUE_WEEKLY_SEQ.30",
"ROGUE_WEEKLY_SEQ.AM",
"ROGUE_WEEKLY_SEQ.AP",
"WKLY_GEOGRAPHY_ROGUE_LIMITS_DM",
"WKLY_GEOGRAPHY_ROGUE_LIMITS_DM_SEQ",
"WKLY_OPP_ROGUE_INDICATOR_DM",
"WKLY_OPP_ROGUE_INDICATOR_DM.WKLY_OPP_ROGUE_INDICATOR_DM",
"WKLY_OPP_ROGUE_INDICATOR_DM_SEQ",
"WKLY_OPP_ROGUE_INDICATOR_DM_SEQ.30",
"WKLY_OPP_ROGUE_INDICATOR_DM_SEQ.AM",
"WKLY_OPP_ROGUE_INDICATOR_DM_SEQ.AP",
"WKLY_OPP_ROGUE_INDICATOR_I_PAR",
"WKLY_OPP_ROGUE_INDICATOR_I_PAR.30",
"WKLY_OPP_ROGUE_INDICATOR_I_PAR.AM",
"WKLY_OPP_ROGUE_INDICATOR_I_PAR.AP",
"ESAOPP/Jobs/SalesConnect/",
"SC_MASTER_SEQ",
"SC_MASTER_SEQ_wed_only",
"ESAOPP/Jobs/SalesConnect/Conform/",
"SC_CONFORM_ESA_SEQ",
"SC_CONFORM_ESA_SEQ.30",
"SC_CONFORM_ESA_SEQ.AM",
"SC_CONFORM_ESA_SEQ.AP",
"SC_CONFORM_ESA_SEQ_wed_only",
"SC_CONFORM_ESA_SEQ_wed_only.30",
"SC_CONFORM_ESA_SEQ_wed_only.AM",
"SC_CONFORM_ESA_SEQ_wed_only.AP",
"SC_CONFORM_SEQ",
"ESAOPP/Jobs/SalesConnect/Conform/CMPNT_WINPLAN_FACT/",
"CMPNT_WINPLAN_FACT_DM",
"CMPNT_WINPLAN_FACT_I_PAR",
"CMPNT_WINPLAN_FACT_I_PAR.30",
"CMPNT_WINPLAN_FACT_I_PAR.AM",
"CMPNT_WINPLAN_FACT_I_PAR.AP",
"CMPNT_WINPLAN_FACT_II_PAR",
"CMPNT_WINPLAN_FACT_II_PAR.30",
"CMPNT_WINPLAN_FACT_II_PAR.AM",
"CMPNT_WINPLAN_FACT_II_PAR.AP",
"CMPNT_WINPLAN_FACT_III_PAR",
"CMPNT_WINPLAN_FACT_III_PAR.30",
"CMPNT_WINPLAN_FACT_III_PAR.AM",
"CMPNT_WINPLAN_FACT_III_PAR.AP",
"CMPNT_WINPLAN_FACT_SEQ",
"CMPNT_WINPLAN_FACT_SEQ.30",
"CMPNT_WINPLAN_FACT_SEQ.AM",
"CMPNT_WINPLAN_FACT_SEQ.AP",
"ESAOPP/Jobs/SalesConnect/Conform/CRM_USER/",
"SC_CRM_USER_PAR",
"SC_CRM_USER_SEQ",
"ESAOPP/Jobs/SalesConnect/Conform/FCST_HIER/",
"SC_CONFORM_FCST_HIER_EXPORT_PAR",
"SC_CONFORM_FCST_HIER_PAR",
"SC_CONFORM_FCST_HIER_RM_PAR",
"SC_CONFORM_FCST_HIER_SEQ",
"SC_CONFORM_FCST_HIER_UPT_PAR",
"ESAOPP/Jobs/SalesConnect/Conform/FCST_HIER_EXT_IDENTIFIER/",
"FCST_HIER_EXT_IDENTIFIER_DEL",
"FCST_HIER_EXT_IDENTIFIER_PAR",
"FCST_HIER_EXT_IDENTIFIER_SEQ",
"ESAOPP/Jobs/SalesConnect/Conform/FCST_HIER_USERS/",
"SC_CONFORM_FCST_HIER_USERS_EXPORT_PAR",
"SC_CONFORM_FCST_HIER_USERS_PAR",
"SC_CONFORM_FCST_HIER_USERS_SEQ",
"ESAOPP/Jobs/SalesConnect/Conform/FCST_NODE_XLAT/",
"SC_CONFORM_FCST_NODE_XLAT_EXPORT_PAR",
"SC_CONFORM_FCST_NODE_XLAT_I_PAR",
"SC_CONFORM_FCST_NODE_XLAT_II_PAR",
"SC_CONFORM_FCST_NODE_XLAT_III_PAR",
"SC_CONFORM_FCST_NODE_XLAT_SEQ",
"ESAOPP/Jobs/SalesConnect/Conform/FCST_ROADMAP/",
"FCST_ROADMAP_DEL",
"FCST_ROADMAP_PAR",
"FCST_ROADMAP_SEQ",
"ESAOPP/Jobs/SalesConnect/Conform/FIN_TO_FCSTHIER/",
"FIN_TO_FCSTHIER_DEL",
"FIN_TO_FCSTHIER_PAR",
"FIN_TO_FCSTHIER_SEQ",
"ESAOPP/Jobs/SalesConnect/Conform/IR_DAILY_DATA_STATUS/",
"IR_DAILY_DATA_STATUS_DM",
"IR_DAILY_DATA_STATUS_DM.30",
"IR_DAILY_DATA_STATUS_DM.AM",
"IR_DAILY_DATA_STATUS_DM.AP",
"IR_DAILY_DATA_STATUS_PAR",
"IR_DAILY_DATA_STATUS_PAR.30",
"IR_DAILY_DATA_STATUS_PAR.AM",
"IR_DAILY_DATA_STATUS_PAR.AP",
"IR_DAILY_DATA_STATUS_SEQ",
"IR_DAILY_DATA_STATUS_SEQ.30",
"IR_DAILY_DATA_STATUS_SEQ.AM",
"IR_DAILY_DATA_STATUS_SEQ.AP",
"ESAOPP/Jobs/SalesConnect/Conform/IR_WKLY_DATA_STATUS/",
"IR_DAILY_DATA_STATUS_DEL",
"IR_DAILY_DATA_STATUS_DEL.30",
"IR_DAILY_DATA_STATUS_DEL.AM",
"IR_DAILY_DATA_STATUS_DEL.AP",
"SC_IR_WKLY_DATA_STATUS_PAR",
"SC_IR_WKLY_DATA_STATUS_PAR.30",
"SC_IR_WKLY_DATA_STATUS_PAR.AM",
"SC_IR_WKLY_DATA_STATUS_PAR.AP",
"SC_IR_WKLY_DATA_STATUS_SEQ",
"SC_IR_WKLY_DATA_STATUS_SEQ.30",
"SC_IR_WKLY_DATA_STATUS_SEQ.AM",
"SC_IR_WKLY_DATA_STATUS_SEQ.AP",
"ESAOPP/Jobs/SalesConnect/Conform/OPP_AGGR_REV_FACT/",
"SC_OPP_AGGR_REV_FACT_I_PAR",
"SC_OPP_AGGR_REV_FACT_II_PAR",
"SC_OPP_AGGR_REV_FACT_SEQ",
"ESAOPP/Jobs/SalesConnect/Conform/OPP_CAMPAIGN/",
"SC_OPP_CAMPAIGN_FR_I_PAR",
"SC_OPP_CAMPAIGN_FR_II_PAR",
"SC_OPP_CAMPAIGN_FR_SEQ",
"ESAOPP/Jobs/SalesConnect/Conform/OPP_CATEGORY/",
"SC_OPP_CATEGORY_FR_I_PAR",
"SC_OPP_CATEGORY_FR_SEQ",
"ESAOPP/Jobs/SalesConnect/Conform/OPP_COMPETITOR/",
"SC_OPP_COMPETITOR_FR_PAR",
"SC_OPP_COMPETITOR_FR_SEQ",
"ESAOPP/Jobs/SalesConnect/Conform/OPP_INFLUENCER/",
"SC_OPP_INFLUENCER_PAR",
"SC_OPP_INFLUENCER_SEQ",
"ESAOPP/Jobs/SalesConnect/Conform/OPP_LOB/",
"SC_OPP_LOB_PAR",
"SC_OPP_LOB_SEQ",
"ESAOPP/Jobs/SalesConnect/Conform/OPP_RMDP_LI_FACT/",
"SC_CONFORM_OPP_RDMP_LI_FACT_BITMAP_SEQ",
"SC_CONFORM_OPP_RDMP_LI_FACT_BITMAP_UPDT",
"SC_CONFORM_OPP_RDMP_LI_FACT_BITMAP_XFM",
"SC_CONFORM_OPP_RDMP_LI_FACT_DEL",
"SC_CONFORM_OPP_RDMP_LI_FACT_EXTR",
"SC_CONFORM_OPP_RDMP_LI_FACT_LOAD",
"SC_CONFORM_OPP_RDMP_LI_FACT_SEQ",
"SC_CONFORM_OPP_RDMP_LI_FACT_XFMR",
"ESAOPP/Jobs/SalesConnect/Conform/OPP_RELATED_OPP/",
"SC_OPP_RELATED_OPP_PAR",
"SC_OPP_RELATED_OPP_SEQ",
"ESAOPP/Jobs/SalesConnect/Conform/OPP_REV_FACT/",
"SC_OPP_REV_FACT_I_PAR",
"SC_OPP_REV_FACT_II_PAR",
"SC_OPP_REV_FACT_SEQ_I",
"ESAOPP/Jobs/SalesConnect/Conform/OPP_ROLE/",
"SC_OPP_ROLE_I_PAR",
"SC_OPP_ROLE_II_PAR",
"SC_OPP_ROLE_III_PAR",
"SC_OPP_ROLE_SEQ",
"ESAOPP/Jobs/SalesConnect/Conform/OPP_SSTG_FR/",
"SC_OPP_SSTG_FR_I_PAR",
"SC_OPP_SSTG_FR_II_PAR",
"SC_OPP_SSTG_FR_I_SEQ",
"ESAOPP/Jobs/SalesConnect/Conform/OPP_SSTG_PROGRESS/",
"SC_OPP_SSTG_PROGRESS_I_PAR",
"SC_OPP_SSTG_PROGRESS_II_PAR",
"SC_OPP_SSTG_PROGRESS_III_PAR",
"SC_OPP_SSTG_PROGRESS_IV_PAR",
"SC_OPP_SSTG_PROGRESS_SEQ",
"ESAOPP/Jobs/SalesConnect/Conform/OPP_TXT/",
"SC_OPP_TXT_I_PAR",
"SC_OPP_TXT_II_PAR",
"SC_OPP_TXT_SEQ",
"ESAOPP/Jobs/SalesConnect/Conform/OPP_WINPLAN_FACT/",
"OPP_WINPLAN_FACT_DM",
"OPP_WINPLAN_FACT_DM.30",
"OPP_WINPLAN_FACT_DM.AM",
"OPP_WINPLAN_FACT_DM.AP",
"OPP_WINPLAN_FACT_DM_par",
"OPP_WINPLAN_FACT_I_PAR",
"OPP_WINPLAN_FACT_I_PAR.30",
"OPP_WINPLAN_FACT_I_PAR.AM",
"OPP_WINPLAN_FACT_I_PAR.AP",
"OPP_WINPLAN_FACT_II_PAR",
"OPP_WINPLAN_FACT_II_PAR.30",
"OPP_WINPLAN_FACT_II_PAR.AM",
"OPP_WINPLAN_FACT_II_PAR.AP",
"OPP_WINPLAN_FACT_III_PAR",
"OPP_WINPLAN_FACT_III_PAR.30",
"OPP_WINPLAN_FACT_III_PAR.AM",
"OPP_WINPLAN_FACT_III_PAR.AP",
"OPP_WINPLAN_FACT_SEQ",
"OPP_WINPLAN_FACT_SEQ.30",
"OPP_WINPLAN_FACT_SEQ.AM",
"OPP_WINPLAN_FACT_SEQ.AP",
"ESAOPP/Jobs/SalesConnect/Conform/OPPORTUNITY/",
"SC_OPPORTUNITY_I_PAR",
"SC_OPPORTUNITY_II_PAR",
"SC_OPPORTUNITY_SEQ",
"ESAOPP/Jobs/SalesConnect/Conform/TARGET_FACT/",
"SC_TARGET_FACT_DEL",
"SC_TARGET_FACT_PAR",
"SC_TARGET_FACT_SEQ",
"ESAOPP/Jobs/SalesConnect/Conform/TARGET_WKLY_FACT/",
"SC_TARGET_WKLY_FACT_DEL_PAR",
"SC_TARGET_WKLY_FACT_SEQ",
"ESAOPP/Jobs/SalesConnect/Conform/WINPLAN_SPNSR_RVWR_APPRVR/",
"WINPLAN_SPNSR_RVWR_APPRVR_DM",
"WINPLAN_SPNSR_RVWR_APPRVR_PAR",
"WINPLAN_SPNSR_RVWR_APPRVR_SEQ",
"ESAOPP/Jobs/SalesConnect/Downstream/",
"OPP_ISA_XFORM_PAR",
"OPP_ISA_XFORM_SEQ",
"OPP_SOLUTION_CODE_VALIDATION_DM",
"OPP_SOLUTION_CODE_VALIDATION_DM.30",
"OPP_SOLUTION_CODE_VALIDATION_DM.AM",
"OPP_SOLUTION_CODE_VALIDATION_DM.AP",
"OPP_SOLUTION_CODE_VALIDATION_PAR",
"OPP_SOLUTION_CODE_VALIDATION_PAR.30",
"OPP_SOLUTION_CODE_VALIDATION_PAR.AM",
"OPP_SOLUTION_CODE_VALIDATION_PAR.AP",
"OPP_SOLUTION_CODE_VALIDATION_SEQ",
"OPP_SOLUTION_CODE_VALIDATION_SEQ.30",
"OPP_SOLUTION_CODE_VALIDATION_SEQ.AM",
"OPP_SOLUTION_CODE_VALIDATION_SEQ.AP",
"ESAOPP/Jobs/SalesConnect/Staging/",
"SC_ACCT_TEAM_EXTRACT_PAR",
"SC_ACCT_TEAM_EXTRACT_SEQ",
"SC_ADJUSTMENT_EXTRACT_PAR",
"SC_ADJUSTMENT_EXTRACT_SEQ",
"SC_CMPNT_STC_EXTRACT_PAR",
"SC_CMPNT_STC_EXTRACT_SEQ",
"SC_CUSTOMER_EXTRACT_PAR",
"SC_CUSTOMER_EXTRACT_SEQ",
"SC_EXTRACT_ALL_ESA_SEQ",
"SC_EXTRACT_ALL_ESA_SEQ.30",
"SC_EXTRACT_ALL_ESA_SEQ.AM",
"SC_EXTRACT_ALL_ESA_SEQ.AP",
"SC_EXTRACT_ALL_ESA_SEQ_wed_only",
"SC_EXTRACT_ALL_ESA_SEQ_wed_only.30",
"SC_EXTRACT_ALL_ESA_SEQ_wed_only.AM",
"SC_EXTRACT_ALL_ESA_SEQ_wed_only.AP",
"SC_EXTRACT_ALL_SEQ",
"SC_EXTRACT_ALL_SEQ_wed_only",
"SC_EXTRACT_ESA_Mon_SEQ",
"SC_FCST_HIER_DLG_EXTRACT_PAR",
"SC_FCST_HIER_DLG_EXTRACT_SEQ",
"SC_FCST_HIER_EXT_IDENTIFIER_EXTRACT_PAR",
"SC_FCST_HIER_EXT_IDENTIFIER_EXTRACT_SEQ",
"SC_FCST_HIER_EXTRACT_PAR",
"SC_FCST_HIER_EXTRACT_SEQ",
"SC_FCST_HIER_USER_EXTRACT_PAR",
"SC_FCST_HIER_USER_EXTRACT_SEQ",
"SC_FCST_ROADMAP_EXTRACT_PAR",
"SC_FCST_ROADMAP_EXTRACT_SEQ",
"SC_FIN_TO_FCSTHIER_EXTRACT_PAR",
"SC_FIN_TO_FCSTHIER_EXTRACT_SEQ",
"SC_OPP_CAMPAIGN_EXTRACT_PAR",
"SC_OPP_CAMPAIGN_EXTRACT_SEQ",
"SC_OPP_CATEGORY_EXTRACT_PAR",
"SC_OPP_CATEGORY_EXTRACT_SEQ",
"SC_OPP_COMMENT_EXTRACT_PAR",
"SC_OPP_COMMENT_EXTRACT_SEQ",
"SC_OPP_COMPETITOR_EXTRACT_PAR",
"SC_OPP_COMPETITOR_EXTRACT_SEQ",
"SC_OPP_EXTRACT_PAR",
"SC_OPP_EXTRACT_SEQ",
"SC_OPP_INFLUENCER_EXTRACT_PAR",
"SC_OPP_INFLUENCER_EXTRACT_SEQ",
"SC_OPP_RELATED_OPP_EXTRACT_PAR",
"SC_OPP_RELATED_OPP_EXTRACT_SEQ",
"SC_OPP_TEAM_EXTRACT_PAR",
"SC_OPP_TEAM_EXTRACT_SEQ",
"SC_PARTNERS_EXTRACT_PAR",
"SC_PARTNERS_EXTRACT_SEQ",
"SC_PRODUCT_EXTRACT_PAR",
"SC_PRODUCT_EXTRACT_SEQ",
"SC_PRODUCT_LOOKUP_EXTRACT_PAR",
"SC_PRODUCT_LOOKUP_EXTRACT_SEQ",
"SC_RLIWP_EXTRACT_PAR",
"SC_RLIWP_EXTRACT_SEQ",
"SC_TAGS_EXTRACT_PAR",
"SC_TAGS_EXTRACT_SEQ",
"SC_TARGET_EXTRACT_PAR",
"SC_TARGET_EXTRACT_SEQ",
"SC_USER_LOOKUP_EXTRACT_PAR",
"SC_USER_LOOKUP_EXTRACT_SEQ",
"SC_WINPLANS_EXTRACT_PAR",
"SC_WINPLANS_EXTRACT_SEQ",
"ESAOPP/Jobs/SalesConnect/FCST_NODE_XLAT/",
"SC_FCST_NODE_XLAT_EXTRACT_PAR",
"SC_FCST_NODE_XLAT_EXTRACT_SEQ",
"ESAOPP/Jobs/SalesConnect/SC_OPP_REV_EXTRACT/",
"SC_OPP_REV_EXTRACT_II_PAR",
"SC_OPP_REV_EXTRACT_PAR",
"SC_OPP_REV_EXTRACT_SEQ",
"ESAOPP/Jobs/SalesConnect/SC_ROADMAPS_EXTRACT/",
"SC_ROADMAPS_EXTRACT_SEQ",
"SC_ROADMAPS_EXTRACT_SYNC_EXT",
"SC_ROADMAPS_EXTRACT_SYNC_LOAD",
"SC_ROADMAPS_EXTRACT_SYNC_XFM",
"ESAOPP/Jobs/SalesConnect/Xform/",
"SC_COMPONENT_SK_I_PAR",
"SC_COMPONENT_SK_II_PAR",
"SC_COMPONENT_SK_III_PAR",
"SC_COMPONENT_SK_SEQ",
"SC_CRM_EMPLOYEE_SK_I_PAR",
"SC_CRM_EMPLOYEE_SK_II_PAR",
"SC_CRM_EMPLOYEE_SK_III_PAR",
"SC_CRM_EMPLOYEE_SK_IV_PAR",
"SC_CRM_EMPLOYEE_SK_SEQ",
"SC_CRM_EMPLOYEE_SK_V_PAR",
"SC_CRM_QREP_XFORM_PAR",
"SC_CRM_QREP_XFORM_PAR.30",
"SC_CRM_QREP_XFORM_PAR.AM",
"SC_CRM_QREP_XFORM_PAR.AP",
"SC_CRM_QREP_XFORM_SEQ",
"SC_CRM_QREP_XFORM_SEQ.30",
"SC_CRM_QREP_XFORM_SEQ.AM",
"SC_CRM_QREP_XFORM_SEQ.AP",
"SC_CRM_WKLY_QREP_XFORM_PAR",
"SC_CRM_WKLY_QREP_XFORM_PAR.30",
"SC_CRM_WKLY_QREP_XFORM_PAR.AM",
"SC_CRM_WKLY_QREP_XFORM_PAR.AP",
"SC_CRM_WKLY_QREP_XFORM_SEQ",
"SC_CRM_WKLY_QREP_XFORM_SEQ.30",
"SC_CRM_WKLY_QREP_XFORM_SEQ.AM",
"SC_CRM_WKLY_QREP_XFORM_SEQ.AP",
"SC_XFORM_ESA_SEQ",
"SC_XFORM_ESA_SEQ.30",
"SC_XFORM_ESA_SEQ.AM",
"SC_XFORM_ESA_SEQ.AP",
"SC_XFORM_FCSTHIER_SK_PAR",
"SC_XFORM_FCSTHIER_SK_SEQ",
"SC_XFORM_SEQ",
"ESAOPP/Jobs/SalesConnect/Xform/OPPORTUNITY_SK/",
"SC_OPPORTUNITY_SK_I_PAR",
"SC_OPPORTUNITY_SK_II_PAR",
"SC_OPPORTUNITY_SK_SEQ",
"ESAOPP/Jobs/SRV_OPP_DTL_DAILY_FACT/",
"SRV_OPP_DTL_DAILY_FACT_DM",
"SRV_OPP_DTL_DAILY_FACT_DM.30",
"SRV_OPP_DTL_DAILY_FACT_DM.AM",
"SRV_OPP_DTL_DAILY_FACT_DM.AP",
"SRV_OPP_DTL_DAILY_FACT_PAR",
"SRV_OPP_DTL_DAILY_FACT_PAR.30",
"SRV_OPP_DTL_DAILY_FACT_PAR.AM",
"SRV_OPP_DTL_DAILY_FACT_PAR.AP",
"SRV_OPP_DTL_DAILY_FACT_SEQ",
"SRV_OPP_DTL_DAILY_FACT_SEQ.30",
"SRV_OPP_DTL_DAILY_FACT_SEQ.AM",
"SRV_OPP_DTL_DAILY_FACT_SEQ.AP",
"ESAOPP/Jobs/SWG_CALC/",
"SQ_SWG_OPP_DAILY_CALC",
"SQ_SWG_OPP_DAILY_CALC.30",
"SQ_SWG_OPP_DAILY_CALC.AM",
"SQ_SWG_OPP_DAILY_CALC.AP",
"SQ_SWG_OPP_WEEKY_CALC",
"SQ_SWG_OPP_WEEKY_CALC.30",
"SQ_SWG_OPP_WEEKY_CALC.AM",
"SQ_SWG_OPP_WEEKY_CALC.AP",
"SWG_OPP_DAILY_CALC_EXPORT",
"SWG_OPP_DAILY_CALC_EXPORT.30",
"SWG_OPP_DAILY_CALC_EXPORT.AM",
"SWG_OPP_DAILY_CALC_EXPORT.AP",
"SWG_OPP_DAILY_CALC_LOAD",
"SWG_OPP_DAILY_CALC_LOAD.30",
"SWG_OPP_DAILY_CALC_LOAD.AM",
"SWG_OPP_DAILY_CALC_LOAD.AP",
"ESAOPP/Jobs/UDD/",
"UDD_SEQ",
